CustomerID,Name,Age,Gender,Email,City,JoinDate
1,Jamie Anderson,49,Non-binary,jamie.anderson.1@example.com,New York,2024-11-10
2,Richard Hernandez,47,Male,richard.hernandez.2@example.com,Chicago,2025-07-15
3,Pat Williams,51,Non-binary,pat.williams.3@example.com,Dallas,2023-11-23
4,Anthony Anderson,55,Male,anthony.anderson.4@example.com,Dallas,2025-01-18
5,Sandra Brown,51,Female,sandra.brown.5@example.com,Los Angeles,2025-11-07
6,Mary Jones,27,Female,mary.jones.6@example.com,New York,2026-01-24
7,Linda Wilson,65,Female,linda.wilson.7@example.com,Phoenix,2024-06-23
8,Nancy Rodriguez,23,Female,nancy.rodriguez.8@example.com,San Antonio,2025-11-30
9,Karen Johnson,59,Female,karen.johnson.9@example.com,Los Angeles,2024-08-01
10,Jessica Martinez,19,Female,jessica.martinez.10@example.com,San Antonio,2023-11-21
11,James Davis,32,Male,james.davis.11@example.com,Houston,2025-06-01
12,Linda Lopez,44,Female,linda.lopez.12@example.com,San Jose,2026-03-12
13,Sandra Williams,39,Female,sandra.williams.13@example.com,San Antonio,2024-09-09
14,Jamie Wilson,35,Non-binary,jamie.wilson.14@example.com,New York,2026-03-28
15,Thomas Wilson,34,Male,thomas.wilson.15@example.com,San Antonio,2026-04-15
16,Thomas Wilson,66,Male,thomas.wilson.16@example.com,Chicago,2024-12-02
17,Chris Wilson,26,Non-binary,chris.wilson.17@example.com,San Diego,2025-05-27
18,Karen Williams,29,Female,karen.williams.18@example.com,San Jose,2023-11-22
19,Mark Hernandez,40,Male,mark.hernandez.19@example.com,Phoenix,2024-09-20
20,Mark Garcia,61,Male,mark.garcia.20@example.com,San Diego,2023-12-11
21,Linda Lopez,34,Female,linda.lopez.21@example.com,Los Angeles,2026-06-13
22,Sam Williams,35,Non-binary,sam.williams.22@example.com,Chicago,2026-01-15
23,Sam Hernandez,69,Non-binary,sam.hernandez.23@example.com,San Antonio,2026-06-12
24,Thomas Miller,62,Male,thomas.miller.24@example.com,Chicago,2024-01-05
25,Jennifer Brown,42,Female,jennifer.brown.25@example.com,San Jose,2023-12-31
26,Charles Rodriguez,70,Male,charles.rodriguez.26@example.com,San Antonio,2024-07-02
27,Susan Martinez,56,Female,susan.martinez.27@example.com,New York,2025-03-31
28,Taylor Gonzalez,33,Non-binary,taylor.gonzalez.28@example.com,Dallas,2025-09-26
29,James Wilson,55,Male,james.wilson.29@example.com,Los Angeles,2025-07-28
30,Morgan Anderson,21,Non-binary,morgan.anderson.30@example.com,New York,2025-04-17
31,Patricia Smith,42,Female,patricia.smith.31@example.com,San Antonio,2024-10-04
32,James Brown,26,Male,james.brown.32@example.com,New York,2025-12-15
33,Linda Wilson,63,Female,linda.wilson.33@example.com,New York,2025-06-01
34,Karen Brown,62,Female,karen.brown.34@example.com,New York,2025-06-17
35,Jennifer Garcia,58,Female,jennifer.garcia.35@example.com,Philadelphia,2024-11-11
36,Michael Gonzalez,23,Male,michael.gonzalez.36@example.com,San Jose,2025-06-18
37,Alex Johnson,38,Non-binary,alex.johnson.37@example.com,New York,2024-02-11
38,Anthony Johnson,70,Male,anthony.johnson.38@example.com,San Jose,2026-06-02
39,Mark Smith,47,Male,mark.smith.39@example.com,Phoenix,2024-07-20
40,John Garcia,23,Male,john.garcia.40@example.com,Dallas,2025-10-27
41,Robin Miller,37,Non-binary,robin.miller.41@example.com,San Antonio,2025-10-15
42,Robin Williams,43,Non-binary,robin.williams.42@example.com,San Antonio,2024-09-23
43,Taylor Garcia,20,Non-binary,taylor.garcia.43@example.com,San Antonio,2025-12-25
44,Chris Lopez,62,Non-binary,chris.lopez.44@example.com,New York,2026-02-27
45,Robin Williams,61,Non-binary,robin.williams.45@example.com,Dallas,2024-12-13
46,Mark Hernandez,56,Male,mark.hernandez.46@example.com,Dallas,2026-02-22
47,Chris Gonzalez,61,Non-binary,chris.gonzalez.47@example.com,Houston,2025-01-05
48,Morgan Williams,21,Non-binary,morgan.williams.48@example.com,New York,2025-02-17
49,Mark Hernandez,67,Male,mark.hernandez.49@example.com,New York,2025-05-23
50,Morgan Johnson,64,Non-binary,morgan.johnson.50@example.com,Dallas,2024-11-24
51,Mary Jones,42,Female,mary.jones.51@example.com,Houston,2025-05-10
52,Margaret Jones,37,Female,margaret.jones.52@example.com,Houston,2025-11-29
53,Patricia Lopez,26,Female,patricia.lopez.53@example.com,San Jose,2024-09-03
54,Jamie Rodriguez,45,Non-binary,jamie.rodriguez.54@example.com,San Jose,2025-03-02
55,Jordan Johnson,49,Non-binary,jordan.johnson.55@example.com,Los Angeles,2023-10-30
56,Matthew Hernandez,19,Male,matthew.hernandez.56@example.com,Philadelphia,2024-05-17
57,Richard Brown,41,Male,richard.brown.57@example.com,Los Angeles,2026-04-11
58,Casey Garcia,36,Non-binary,casey.garcia.58@example.com,Chicago,2024-08-28
59,Jordan Hernandez,22,Non-binary,jordan.hernandez.59@example.com,Philadelphia,2026-01-31
60,Mark Anderson,51,Male,mark.anderson.60@example.com,San Diego,2025-01-14
61,Elizabeth Lopez,40,Female,elizabeth.lopez.61@example.com,Philadelphia,2025-05-02
62,Casey Brown,18,Non-binary,casey.brown.62@example.com,San Jose,2026-05-19
63,David Rodriguez,41,Male,david.rodriguez.63@example.com,Dallas,2025-02-02
64,Michael Garcia,27,Male,michael.garcia.64@example.com,San Diego,2026-03-16
65,Robert Davis,18,Male,robert.davis.65@example.com,San Diego,2026-06-16
66,Alex Gonzalez,36,Non-binary,alex.gonzalez.66@example.com,Houston,2024-02-18
67,Jordan Martinez,69,Non-binary,jordan.martinez.67@example.com,Dallas,2024-01-02
68,Alex Davis,24,Non-binary,alex.davis.68@example.com,Chicago,2024-08-15
69,Pat Smith,42,Non-binary,pat.smith.69@example.com,New York,2023-11-04
70,Daniel Lopez,30,Male,daniel.lopez.70@example.com,Dallas,2025-05-09
71,Michael Martinez,50,Male,michael.martinez.71@example.com,San Jose,2025-07-15
72,Charles Rodriguez,38,Male,charles.rodriguez.72@example.com,Houston,2025-10-23
73,Jordan Martinez,56,Non-binary,jordan.martinez.73@example.com,Houston,2026-04-23
74,Joseph Martinez,45,Male,joseph.martinez.74@example.com,Houston,2025-03-06
75,Donald Williams,26,Male,donald.williams.75@example.com,Philadelphia,2025-06-20
76,Jordan Miller,29,Non-binary,jordan.miller.76@example.com,Chicago,2024-04-23
77,Mary Johnson,50,Female,mary.johnson.77@example.com,San Antonio,2025-03-01
78,Mark Miller,40,Male,mark.miller.78@example.com,Dallas,2025-09-20
79,Sandra Jones,48,Female,sandra.jones.79@example.com,Philadelphia,2024-06-18
80,Betty Brown,67,Female,betty.brown.80@example.com,Phoenix,2023-10-29
81,Lisa Wilson,23,Female,lisa.wilson.81@example.com,Houston,2024-06-21
82,John Williams,60,Male,john.williams.82@example.com,San Antonio,2024-08-03
83,Mary Brown,27,Female,mary.brown.83@example.com,San Diego,2025-11-05
84,Anthony Miller,44,Male,anthony.miller.84@example.com,San Antonio,2024-04-28
85,Joseph Williams,34,Male,joseph.williams.85@example.com,Chicago,2024-02-25
86,Robert Anderson,64,Male,robert.anderson.86@example.com,Philadelphia,2025-09-28
87,Pat Smith,46,Non-binary,pat.smith.87@example.com,Chicago,2025-06-19
88,Patricia Wilson,38,Female,patricia.wilson.88@example.com,San Diego,2025-01-04
89,Thomas Miller,46,Male,thomas.miller.89@example.com,Houston,2024-06-07
90,Sam Williams,52,Non-binary,sam.williams.90@example.com,New York,2024-12-05
91,Taylor Brown,69,Non-binary,taylor.brown.91@example.com,San Jose,2025-11-02
92,Donald Miller,21,Male,donald.miller.92@example.com,Dallas,2023-12-22
93,Anthony Garcia,41,Male,anthony.garcia.93@example.com,San Diego,2023-11-29
94,Richard Miller,53,Male,richard.miller.94@example.com,New York,2026-01-29
95,Sarah Lopez,50,Female,sarah.lopez.95@example.com,San Diego,2025-01-18
96,David Rodriguez,35,Male,david.rodriguez.96@example.com,San Antonio,2025-06-11
97,Charles Rodriguez,24,Male,charles.rodriguez.97@example.com,San Antonio,2025-07-26
98,Nancy Lopez,20,Female,nancy.lopez.98@example.com,San Diego,2024-01-02
99,Alex Lopez,60,Non-binary,alex.lopez.99@example.com,Chicago,2025-01-14
100,Joseph Smith,63,Male,joseph.smith.100@example.com,Dallas,2023-11-25
101,Matthew Smith,26,Male,matthew.smith.101@example.com,Chicago,2025-02-10
102,Jordan Martinez,44,Non-binary,jordan.martinez.102@example.com,Phoenix,2024-07-23
103,Chris Rodriguez,51,Non-binary,chris.rodriguez.103@example.com,Los Angeles,2026-04-29
104,Patricia Lopez,52,Female,patricia.lopez.104@example.com,Houston,2026-02-14
105,Alex Davis,38,Non-binary,alex.davis.105@example.com,Chicago,2024-07-01
106,Jennifer Miller,38,Female,jennifer.miller.106@example.com,Los Angeles,2024-07-13
107,Lisa Gonzalez,48,Female,lisa.gonzalez.107@example.com,San Antonio,2023-11-19
108,Casey Davis,49,Non-binary,casey.davis.108@example.com,Chicago,2025-12-30
109,William Martinez,36,Male,william.martinez.109@example.com,Dallas,2024-05-21
110,Chris Smith,58,Non-binary,chris.smith.110@example.com,Chicago,2026-04-09
111,Jennifer Miller,23,Female,jennifer.miller.111@example.com,Phoenix,2023-11-16
112,Jamie Gonzalez,42,Non-binary,jamie.gonzalez.112@example.com,Philadelphia,2025-02-03
113,Elizabeth Brown,41,Female,elizabeth.brown.113@example.com,Philadelphia,2025-08-14
114,Robert Lopez,65,Male,robert.lopez.114@example.com,Philadelphia,2025-01-04
115,Betty Wilson,32,Female,betty.wilson.115@example.com,Philadelphia,2023-12-06
116,Anthony Hernandez,45,Male,anthony.hernandez.116@example.com,Phoenix,2024-04-25
117,Jessica Rodriguez,48,Female,jessica.rodriguez.117@example.com,Philadelphia,2025-11-15
118,Donald Davis,70,Male,donald.davis.118@example.com,Houston,2023-10-25
119,Margaret Davis,44,Female,margaret.davis.119@example.com,Dallas,2024-03-10
120,William Hernandez,51,Male,william.hernandez.120@example.com,Dallas,2026-01-14
121,Alex Johnson,42,Non-binary,alex.johnson.121@example.com,San Diego,2025-09-11
122,Matthew Rodriguez,64,Male,matthew.rodriguez.122@example.com,Phoenix,2024-05-27
123,Margaret Miller,43,Female,margaret.miller.123@example.com,Philadelphia,2024-12-14
124,Patricia Lopez,29,Female,patricia.lopez.124@example.com,New York,2024-07-09
125,Nancy Gonzalez,19,Female,nancy.gonzalez.125@example.com,San Jose,2024-03-09
126,Betty Wilson,69,Female,betty.wilson.126@example.com,Philadelphia,2025-08-17
127,Linda Johnson,37,Female,linda.johnson.127@example.com,San Jose,2024-02-24
128,Elizabeth Anderson,20,Female,elizabeth.anderson.128@example.com,New York,2024-05-11
129,Sam Rodriguez,69,Non-binary,sam.rodriguez.129@example.com,Houston,2025-06-16
130,David Brown,38,Male,david.brown.130@example.com,Chicago,2024-04-08
131,Robin Johnson,24,Non-binary,robin.johnson.131@example.com,San Jose,2025-07-07
132,Chris Jones,19,Non-binary,chris.jones.132@example.com,Philadelphia,2024-11-27
133,Anthony Gonzalez,70,Male,anthony.gonzalez.133@example.com,Los Angeles,2025-05-02
134,Robin Wilson,46,Non-binary,robin.wilson.134@example.com,San Jose,2024-01-05
135,Casey Lopez,19,Non-binary,casey.lopez.135@example.com,New York,2025-02-02
136,Robin Martinez,32,Non-binary,robin.martinez.136@example.com,Chicago,2025-05-12
137,Susan Jones,24,Female,susan.jones.137@example.com,Houston,2024-08-03
138,Robert Garcia,54,Male,robert.garcia.138@example.com,San Jose,2024-05-26
139,John Jones,46,Male,john.jones.139@example.com,Dallas,2025-07-29
140,Mary Smith,30,Female,mary.smith.140@example.com,Los Angeles,2024-10-26
141,Donald Jones,46,Male,donald.jones.141@example.com,San Antonio,2026-04-08
142,Robin Lopez,51,Non-binary,robin.lopez.142@example.com,Philadelphia,2023-11-13
143,David Garcia,59,Male,david.garcia.143@example.com,San Antonio,2026-02-25
144,Chris Garcia,68,Non-binary,chris.garcia.144@example.com,San Diego,2025-04-01
145,Karen Lopez,34,Female,karen.lopez.145@example.com,San Jose,2025-11-18
146,Nancy Johnson,46,Female,nancy.johnson.146@example.com,Los Angeles,2025-04-21
147,Taylor Garcia,27,Non-binary,taylor.garcia.147@example.com,San Antonio,2025-10-26
148,Betty Wilson,36,Female,betty.wilson.148@example.com,San Antonio,2026-05-18
149,Karen Miller,56,Female,karen.miller.149@example.com,Houston,2025-11-17
150,Casey Johnson,47,Non-binary,casey.johnson.150@example.com,San Diego,2025-12-09
151,Charles Johnson,25,Male,charles.johnson.151@example.com,San Jose,2024-09-26
152,James Rodriguez,55,Male,james.rodriguez.152@example.com,Philadelphia,2025-05-07
153,James Miller,67,Male,james.miller.153@example.com,San Jose,2024-12-13
154,Casey Martinez,58,Non-binary,casey.martinez.154@example.com,Dallas,2026-01-20
155,Daniel Davis,25,Male,daniel.davis.155@example.com,Los Angeles,2024-05-03
156,Pat Garcia,19,Non-binary,pat.garcia.156@example.com,Phoenix,2024-04-17
157,Susan Lopez,50,Female,susan.lopez.157@example.com,Phoenix,2024-10-05
158,Taylor Anderson,56,Non-binary,taylor.anderson.158@example.com,Phoenix,2026-01-03
159,Lisa Anderson,49,Female,lisa.anderson.159@example.com,Houston,2025-10-14
160,Anthony Hernandez,26,Male,anthony.hernandez.160@example.com,San Antonio,2025-06-08
161,Betty Williams,20,Female,betty.williams.161@example.com,Dallas,2024-01-01
162,Daniel Johnson,63,Male,daniel.johnson.162@example.com,Phoenix,2025-02-17
163,Linda Wilson,29,Female,linda.wilson.163@example.com,Phoenix,2026-01-12
164,Sandra Anderson,37,Female,sandra.anderson.164@example.com,San Diego,2024-04-01
165,Jamie Anderson,28,Non-binary,jamie.anderson.165@example.com,Phoenix,2024-11-22
166,Chris Anderson,70,Non-binary,chris.anderson.166@example.com,San Antonio,2025-08-04
167,Pat Gonzalez,31,Non-binary,pat.gonzalez.167@example.com,Dallas,2025-08-12
168,Susan Brown,69,Female,susan.brown.168@example.com,San Jose,2026-04-30
169,David Hernandez,54,Male,david.hernandez.169@example.com,New York,2025-06-22
170,Mark Williams,39,Male,mark.williams.170@example.com,Los Angeles,2025-05-19
171,Joseph Brown,43,Male,joseph.brown.171@example.com,San Jose,2025-05-14
172,Jamie Miller,46,Non-binary,jamie.miller.172@example.com,San Diego,2025-05-13
173,Morgan Miller,43,Non-binary,morgan.miller.173@example.com,Houston,2026-06-17
174,Barbara Garcia,49,Female,barbara.garcia.174@example.com,Chicago,2025-03-01
175,Patricia Martinez,51,Female,patricia.martinez.175@example.com,San Jose,2024-09-16
176,Daniel Smith,52,Male,daniel.smith.176@example.com,San Diego,2025-06-18
177,Karen Garcia,41,Female,karen.garcia.177@example.com,San Antonio,2025-10-19
178,Nancy Jones,21,Female,nancy.jones.178@example.com,Los Angeles,2025-10-27
179,Jamie Jones,32,Non-binary,jamie.jones.179@example.com,San Antonio,2025-04-11
180,Sarah Jones,59,Female,sarah.jones.180@example.com,San Antonio,2025-04-22
181,Jamie Miller,65,Non-binary,jamie.miller.181@example.com,Los Angeles,2024-05-08
182,Mary Wilson,39,Female,mary.wilson.182@example.com,New York,2025-01-30
183,Susan Gonzalez,31,Female,susan.gonzalez.183@example.com,Houston,2024-07-13
184,Betty Davis,31,Female,betty.davis.184@example.com,San Antonio,2024-09-03
185,Casey Lopez,43,Non-binary,casey.lopez.185@example.com,San Jose,2025-09-03
186,Morgan Rodriguez,47,Non-binary,morgan.rodriguez.186@example.com,New York,2024-02-24
187,Morgan Rodriguez,24,Non-binary,morgan.rodriguez.187@example.com,San Diego,2025-06-20
188,Susan Johnson,61,Female,susan.johnson.188@example.com,Houston,2024-01-25
189,Mark Wilson,56,Male,mark.wilson.189@example.com,Philadelphia,2024-05-01
190,Sarah Lopez,46,Female,sarah.lopez.190@example.com,Philadelphia,2024-09-14
191,Matthew Davis,70,Male,matthew.davis.191@example.com,Houston,2024-09-02
192,Joseph Johnson,30,Male,joseph.johnson.192@example.com,New York,2026-05-13
193,Barbara Anderson,24,Female,barbara.anderson.193@example.com,New York,2025-01-20
194,Jamie Johnson,28,Non-binary,jamie.johnson.194@example.com,San Antonio,2024-04-08
195,Donald Brown,32,Male,donald.brown.195@example.com,Houston,2024-10-28
196,Sam Hernandez,45,Non-binary,sam.hernandez.196@example.com,New York,2025-10-13
197,Casey Smith,31,Non-binary,casey.smith.197@example.com,Chicago,2025-12-25
198,Susan Smith,19,Female,susan.smith.198@example.com,Philadelphia,2024-01-25
199,Anthony Martinez,58,Male,anthony.martinez.199@example.com,San Diego,2024-10-19
200,Karen Miller,58,Female,karen.miller.200@example.com,Dallas,2024-11-08
201,Morgan Garcia,20,Non-binary,morgan.garcia.201@example.com,Dallas,2025-12-13
202,Joseph Miller,65,Male,joseph.miller.202@example.com,New York,2026-03-07
203,Richard Lopez,68,Male,richard.lopez.203@example.com,Philadelphia,2025-07-13
204,Daniel Hernandez,41,Male,daniel.hernandez.204@example.com,Phoenix,2025-03-08
205,Pat Brown,66,Non-binary,pat.brown.205@example.com,San Diego,2024-06-21
206,Charles Garcia,26,Male,charles.garcia.206@example.com,San Antonio,2024-11-21
207,Anthony Anderson,49,Male,anthony.anderson.207@example.com,Dallas,2026-04-02
208,Morgan Jones,38,Non-binary,morgan.jones.208@example.com,San Antonio,2025-03-04
209,William Smith,18,Male,william.smith.209@example.com,Phoenix,2025-06-20
210,Sam Rodriguez,67,Non-binary,sam.rodriguez.210@example.com,New York,2026-05-30
211,Sandra Martinez,22,Female,sandra.martinez.211@example.com,Los Angeles,2025-03-22
212,Mark Garcia,21,Male,mark.garcia.212@example.com,Phoenix,2024-04-11
213,Sandra Martinez,40,Female,sandra.martinez.213@example.com,Phoenix,2024-01-14
214,Jennifer Smith,64,Female,jennifer.smith.214@example.com,New York,2025-06-15
215,David Smith,30,Male,david.smith.215@example.com,Los Angeles,2025-02-28
216,Casey Garcia,21,Non-binary,casey.garcia.216@example.com,San Diego,2023-11-04
217,Casey Johnson,69,Non-binary,casey.johnson.217@example.com,New York,2025-11-28
218,John Rodriguez,61,Male,john.rodriguez.218@example.com,Dallas,2025-11-24
219,Alex Davis,42,Non-binary,alex.davis.219@example.com,New York,2025-07-25
220,Thomas Davis,28,Male,thomas.davis.220@example.com,San Antonio,2023-12-30
221,Casey Hernandez,27,Non-binary,casey.hernandez.221@example.com,New York,2026-01-17
222,Robert Hernandez,18,Male,robert.hernandez.222@example.com,San Antonio,2023-11-21
223,Margaret Wilson,59,Female,margaret.wilson.223@example.com,Philadelphia,2025-08-07
224,Michael Jones,45,Male,michael.jones.224@example.com,New York,2025-06-24
225,David Miller,35,Male,david.miller.225@example.com,Los Angeles,2024-07-03
226,Susan Anderson,20,Female,susan.anderson.226@example.com,San Jose,2023-10-22
227,Lisa Hernandez,20,Female,lisa.hernandez.227@example.com,Phoenix,2024-01-03
228,Jordan Johnson,58,Non-binary,jordan.johnson.228@example.com,Dallas,2024-01-31
229,Morgan Rodriguez,24,Non-binary,morgan.rodriguez.229@example.com,Phoenix,2025-06-07
230,Susan Miller,50,Female,susan.miller.230@example.com,Phoenix,2025-07-18
231,Morgan Garcia,24,Non-binary,morgan.garcia.231@example.com,Houston,2025-08-17
232,William Lopez,44,Male,william.lopez.232@example.com,Houston,2024-07-21
233,Mary Rodriguez,32,Female,mary.rodriguez.233@example.com,Dallas,2024-10-09
234,Mark Martinez,22,Male,mark.martinez.234@example.com,Philadelphia,2026-04-23
235,John Anderson,21,Male,john.anderson.235@example.com,Philadelphia,2025-05-05
236,Casey Johnson,49,Non-binary,casey.johnson.236@example.com,Philadelphia,2025-10-30
237,Nancy Lopez,36,Female,nancy.lopez.237@example.com,Chicago,2025-10-09
238,Morgan Smith,24,Non-binary,morgan.smith.238@example.com,Houston,2025-11-20
239,Mary Brown,49,Female,mary.brown.239@example.com,Chicago,2026-05-27
240,Robert Miller,59,Male,robert.miller.240@example.com,Houston,2025-08-19
241,Jennifer Wilson,70,Female,jennifer.wilson.241@example.com,San Antonio,2024-03-07
242,Jessica Gonzalez,62,Female,jessica.gonzalez.242@example.com,Philadelphia,2023-11-19
243,Elizabeth Johnson,61,Female,elizabeth.johnson.243@example.com,New York,2024-07-29
244,Elizabeth Martinez,32,Female,elizabeth.martinez.244@example.com,New York,2024-04-04
245,Robert Jones,62,Male,robert.jones.245@example.com,Philadelphia,2024-02-09
246,Jamie Williams,65,Non-binary,jamie.williams.246@example.com,Phoenix,2025-11-19
247,Jessica Martinez,39,Female,jessica.martinez.247@example.com,Chicago,2023-12-13
248,Jamie Martinez,38,Non-binary,jamie.martinez.248@example.com,Phoenix,2024-12-30
249,Nancy Hernandez,62,Female,nancy.hernandez.249@example.com,San Diego,2025-11-14
250,David Brown,66,Male,david.brown.250@example.com,Houston,2026-04-28
251,Betty Hernandez,32,Female,betty.hernandez.251@example.com,Chicago,2024-12-22
252,Casey Johnson,59,Non-binary,casey.johnson.252@example.com,Phoenix,2024-10-21
253,Chris Martinez,41,Non-binary,chris.martinez.253@example.com,San Jose,2026-05-18
254,Alex Lopez,35,Non-binary,alex.lopez.254@example.com,San Antonio,2026-01-26
255,Mark Anderson,29,Male,mark.anderson.255@example.com,Houston,2025-05-04
256,Mark Davis,52,Male,mark.davis.256@example.com,San Antonio,2024-12-05
257,Linda Williams,43,Female,linda.williams.257@example.com,San Diego,2025-03-31
258,Casey Williams,20,Non-binary,casey.williams.258@example.com,San Jose,2025-07-24
259,Alex Gonzalez,37,Non-binary,alex.gonzalez.259@example.com,New York,2026-04-17
260,James Wilson,41,Male,james.wilson.260@example.com,New York,2024-08-24
261,Alex Davis,46,Non-binary,alex.davis.261@example.com,New York,2025-11-22
262,Joseph Williams,30,Male,joseph.williams.262@example.com,San Diego,2023-12-08
263,Karen Brown,30,Female,karen.brown.263@example.com,Dallas,2025-10-10
264,Chris Garcia,63,Non-binary,chris.garcia.264@example.com,Chicago,2025-05-15
265,Jessica Anderson,43,Female,jessica.anderson.265@example.com,Dallas,2025-07-01
266,Daniel Lopez,51,Male,daniel.lopez.266@example.com,San Jose,2025-10-12
267,Richard Rodriguez,62,Male,richard.rodriguez.267@example.com,Houston,2024-02-13
268,Lisa Anderson,23,Female,lisa.anderson.268@example.com,Dallas,2026-05-30
269,Alex Brown,51,Non-binary,alex.brown.269@example.com,San Jose,2025-10-20
270,Margaret Rodriguez,55,Female,margaret.rodriguez.270@example.com,Dallas,2024-12-16
271,James Brown,34,Male,james.brown.271@example.com,San Diego,2024-08-13
272,Barbara Gonzalez,18,Female,barbara.gonzalez.272@example.com,Phoenix,2025-11-20
273,Taylor Hernandez,52,Non-binary,taylor.hernandez.273@example.com,San Jose,2023-11-08
274,Sam Brown,70,Non-binary,sam.brown.274@example.com,Houston,2026-02-13
275,Morgan Garcia,62,Non-binary,morgan.garcia.275@example.com,Dallas,2024-04-29
276,Michael Johnson,24,Male,michael.johnson.276@example.com,New York,2024-10-06
277,Matthew Williams,69,Male,matthew.williams.277@example.com,San Antonio,2024-06-29
278,Jamie Gonzalez,52,Non-binary,jamie.gonzalez.278@example.com,San Jose,2025-11-15
279,Casey Davis,23,Non-binary,casey.davis.279@example.com,Dallas,2026-04-08
280,Jordan Smith,33,Non-binary,jordan.smith.280@example.com,Dallas,2024-05-24
281,David Rodriguez,70,Male,david.rodriguez.281@example.com,Philadelphia,2023-11-22
282,Patricia Garcia,64,Female,patricia.garcia.282@example.com,Houston,2026-05-25
283,Jamie Miller,69,Non-binary,jamie.miller.283@example.com,San Jose,2026-05-15
284,Elizabeth Wilson,61,Female,elizabeth.wilson.284@example.com,San Jose,2025-02-09
285,David Williams,61,Male,david.williams.285@example.com,Chicago,2023-11-10
286,Donald Brown,47,Male,donald.brown.286@example.com,San Antonio,2025-02-08
287,Michael Anderson,58,Male,michael.anderson.287@example.com,Los Angeles,2025-01-28
288,Matthew Anderson,38,Male,matthew.anderson.288@example.com,Phoenix,2025-06-11
289,Matthew Johnson,69,Male,matthew.johnson.289@example.com,San Diego,2024-08-28
290,Richard Johnson,56,Male,richard.johnson.290@example.com,Dallas,2023-11-29
291,Jamie Lopez,53,Non-binary,jamie.lopez.291@example.com,San Jose,2024-10-09
292,Casey Jones,20,Non-binary,casey.jones.292@example.com,San Diego,2026-03-23
293,David Martinez,65,Male,david.martinez.293@example.com,Philadelphia,2026-02-24
294,Morgan Miller,69,Non-binary,morgan.miller.294@example.com,New York,2025-11-30
295,Barbara Anderson,61,Female,barbara.anderson.295@example.com,San Diego,2024-10-27
296,Susan Garcia,46,Female,susan.garcia.296@example.com,Phoenix,2026-05-05
297,Margaret Wilson,63,Female,margaret.wilson.297@example.com,Houston,2025-06-23
298,David Davis,47,Male,david.davis.298@example.com,Los Angeles,2025-10-13
299,Susan Miller,58,Female,susan.miller.299@example.com,New York,2025-11-29
300,Jordan Gonzalez,51,Non-binary,jordan.gonzalez.300@example.com,Houston,2024-12-20
301,Jamie Lopez,32,Non-binary,jamie.lopez.301@example.com,San Diego,2025-03-27
302,Karen Martinez,27,Female,karen.martinez.302@example.com,Philadelphia,2026-04-28
303,Betty Gonzalez,41,Female,betty.gonzalez.303@example.com,New York,2025-01-13
304,Charles Lopez,51,Male,charles.lopez.304@example.com,Philadelphia,2026-05-20
305,William Lopez,47,Male,william.lopez.305@example.com,San Diego,2026-02-17
306,Michael Anderson,28,Male,michael.anderson.306@example.com,New York,2024-06-02
307,Robert Johnson,48,Male,robert.johnson.307@example.com,Chicago,2024-10-17
308,Lisa Smith,48,Female,lisa.smith.308@example.com,San Antonio,2025-08-14
309,William Martinez,49,Male,william.martinez.309@example.com,San Antonio,2024-10-22
310,William Jones,55,Male,william.jones.310@example.com,New York,2024-11-19
311,Sarah Gonzalez,38,Female,sarah.gonzalez.311@example.com,Dallas,2025-07-22
312,Betty Gonzalez,34,Female,betty.gonzalez.312@example.com,San Diego,2023-10-22
313,David Wilson,60,Male,david.wilson.313@example.com,Los Angeles,2026-01-31
314,Margaret Anderson,57,Female,margaret.anderson.314@example.com,Phoenix,2025-04-29
315,Jamie Davis,46,Non-binary,jamie.davis.315@example.com,Chicago,2024-06-01
316,Robin Davis,47,Non-binary,robin.davis.316@example.com,Houston,2025-10-19
317,Sarah Brown,34,Female,sarah.brown.317@example.com,San Antonio,2024-08-22
318,Jessica Lopez,60,Female,jessica.lopez.318@example.com,Philadelphia,2025-12-18
319,Sam Hernandez,63,Non-binary,sam.hernandez.319@example.com,New York,2024-11-14
320,Alex Rodriguez,69,Non-binary,alex.rodriguez.320@example.com,Houston,2026-02-10
321,Taylor Lopez,51,Non-binary,taylor.lopez.321@example.com,San Antonio,2025-01-29
322,Jessica Wilson,40,Female,jessica.wilson.322@example.com,New York,2025-11-14
323,James Davis,62,Male,james.davis.323@example.com,San Diego,2025-12-30
324,Taylor Hernandez,61,Non-binary,taylor.hernandez.324@example.com,Houston,2026-04-26
325,Matthew Hernandez,22,Male,matthew.hernandez.325@example.com,San Antonio,2023-12-31
326,Charles Williams,52,Male,charles.williams.326@example.com,San Jose,2025-01-22
327,Nancy Wilson,68,Female,nancy.wilson.327@example.com,Houston,2024-08-25
328,Robin Brown,23,Non-binary,robin.brown.328@example.com,Houston,2024-11-12
329,Sandra Hernandez,27,Female,sandra.hernandez.329@example.com,Los Angeles,2023-11-18
330,Pat Anderson,42,Non-binary,pat.anderson.330@example.com,Chicago,2025-09-01
331,Joseph Smith,44,Male,joseph.smith.331@example.com,Philadelphia,2026-01-04
332,Sandra Rodriguez,54,Female,sandra.rodriguez.332@example.com,San Diego,2025-04-23
333,Patricia Lopez,54,Female,patricia.lopez.333@example.com,Houston,2025-08-11
334,Robin Brown,41,Non-binary,robin.brown.334@example.com,Phoenix,2024-04-06
335,William Lopez,46,Male,william.lopez.335@example.com,Chicago,2025-04-02
336,Susan Johnson,65,Female,susan.johnson.336@example.com,Phoenix,2024-04-29
337,Casey Gonzalez,18,Non-binary,casey.gonzalez.337@example.com,San Diego,2024-12-28
338,Chris Hernandez,63,Non-binary,chris.hernandez.338@example.com,San Antonio,2024-06-22
339,Pat Wilson,29,Non-binary,pat.wilson.339@example.com,Los Angeles,2025-06-28
340,James Anderson,38,Male,james.anderson.340@example.com,San Diego,2026-05-14
341,Chris Jones,49,Non-binary,chris.jones.341@example.com,San Jose,2025-01-24
342,Pat Hernandez,42,Non-binary,pat.hernandez.342@example.com,Dallas,2024-02-18
343,Elizabeth Jones,46,Female,elizabeth.jones.343@example.com,Houston,2025-08-13
344,Nancy Smith,35,Female,nancy.smith.344@example.com,San Antonio,2026-06-16
345,Chris Hernandez,55,Non-binary,chris.hernandez.345@example.com,San Diego,2024-05-13
346,Charles Wilson,68,Male,charles.wilson.346@example.com,San Antonio,2024-05-31
347,Charles Jones,67,Male,charles.jones.347@example.com,Chicago,2024-09-01
348,John Wilson,25,Male,john.wilson.348@example.com,San Antonio,2024-12-03
349,Joseph Smith,34,Male,joseph.smith.349@example.com,Philadelphia,2025-05-10
350,Jennifer Johnson,54,Female,jennifer.johnson.350@example.com,Dallas,2024-11-16
351,John Martinez,61,Male,john.martinez.351@example.com,New York,2024-09-29
352,Jamie Williams,32,Non-binary,jamie.williams.352@example.com,Phoenix,2025-07-29
353,Elizabeth Williams,29,Female,elizabeth.williams.353@example.com,Los Angeles,2024-02-05
354,Karen Williams,67,Female,karen.williams.354@example.com,Houston,2024-09-11
355,Betty Martinez,34,Female,betty.martinez.355@example.com,Houston,2025-06-07
356,Chris Davis,50,Non-binary,chris.davis.356@example.com,San Jose,2024-12-27
357,Anthony Davis,51,Male,anthony.davis.357@example.com,Philadelphia,2023-11-03
358,Robert Hernandez,22,Male,robert.hernandez.358@example.com,Houston,2025-05-06
359,Jordan Brown,48,Non-binary,jordan.brown.359@example.com,Dallas,2024-06-25
360,Morgan Davis,56,Non-binary,morgan.davis.360@example.com,Houston,2025-11-17
361,Alex Garcia,63,Non-binary,alex.garcia.361@example.com,Houston,2025-04-14
362,Lisa Johnson,59,Female,lisa.johnson.362@example.com,Dallas,2025-05-12
363,Richard Smith,21,Male,richard.smith.363@example.com,Philadelphia,2023-11-23
364,Casey Miller,50,Non-binary,casey.miller.364@example.com,San Antonio,2025-01-21
365,Sandra Jones,43,Female,sandra.jones.365@example.com,New York,2025-07-27
366,Patricia Anderson,42,Female,patricia.anderson.366@example.com,Chicago,2024-08-03
367,Elizabeth Anderson,36,Female,elizabeth.anderson.367@example.com,Los Angeles,2025-09-29
368,Casey Lopez,48,Non-binary,casey.lopez.368@example.com,San Jose,2024-08-07
369,Charles Wilson,60,Male,charles.wilson.369@example.com,Phoenix,2024-06-26
370,Daniel Anderson,42,Male,daniel.anderson.370@example.com,Los Angeles,2026-06-11
371,Charles Martinez,64,Male,charles.martinez.371@example.com,New York,2024-10-27
372,Mary Martinez,37,Female,mary.martinez.372@example.com,Houston,2025-06-29
373,Patricia Gonzalez,41,Female,patricia.gonzalez.373@example.com,New York,2024-12-02
374,Pat Gonzalez,35,Non-binary,pat.gonzalez.374@example.com,San Diego,2025-02-16
375,Nancy Johnson,35,Female,nancy.johnson.375@example.com,Phoenix,2024-10-10
376,Betty Lopez,52,Female,betty.lopez.376@example.com,New York,2025-02-16
377,Pat Martinez,32,Non-binary,pat.martinez.377@example.com,San Antonio,2024-07-19
378,Robin Wilson,38,Non-binary,robin.wilson.378@example.com,New York,2024-01-10
379,Sam Brown,57,Non-binary,sam.brown.379@example.com,Philadelphia,2026-04-16
380,Jordan Gonzalez,68,Non-binary,jordan.gonzalez.380@example.com,Phoenix,2024-06-26
381,Robert Hernandez,47,Male,robert.hernandez.381@example.com,Los Angeles,2026-05-08
382,Morgan Davis,58,Non-binary,morgan.davis.382@example.com,Dallas,2025-04-21
383,Sandra Smith,28,Female,sandra.smith.383@example.com,San Diego,2024-08-22
384,Lisa Hernandez,28,Female,lisa.hernandez.384@example.com,Houston,2025-06-05
385,Elizabeth Brown,43,Female,elizabeth.brown.385@example.com,San Antonio,2023-11-09
386,Charles Johnson,69,Male,charles.johnson.386@example.com,San Antonio,2025-01-10
387,Robert Davis,68,Male,robert.davis.387@example.com,Chicago,2025-11-05
388,John Brown,59,Male,john.brown.388@example.com,Philadelphia,2024-09-08
389,Morgan Martinez,47,Non-binary,morgan.martinez.389@example.com,San Antonio,2025-06-26
390,Chris Garcia,52,Non-binary,chris.garcia.390@example.com,Chicago,2026-06-04
391,Margaret Jones,26,Female,margaret.jones.391@example.com,San Antonio,2025-07-06
392,Jennifer Davis,48,Female,jennifer.davis.392@example.com,New York,2025-08-31
393,Alex Anderson,45,Non-binary,alex.anderson.393@example.com,San Antonio,2024-09-02
394,Alex Lopez,23,Non-binary,alex.lopez.394@example.com,Houston,2024-12-04
395,Casey Johnson,31,Non-binary,casey.johnson.395@example.com,Chicago,2023-10-25
396,Jennifer Garcia,37,Female,jennifer.garcia.396@example.com,Philadelphia,2025-08-18
397,Sam Lopez,40,Non-binary,sam.lopez.397@example.com,San Antonio,2026-06-09
398,Charles Davis,52,Male,charles.davis.398@example.com,Phoenix,2025-05-03
399,Daniel Jones,53,Male,daniel.jones.399@example.com,San Jose,2026-03-28
400,Jennifer Johnson,24,Female,jennifer.johnson.400@example.com,San Antonio,2024-08-29
401,Joseph Anderson,65,Male,joseph.anderson.401@example.com,New York,2023-12-25
402,Pat Johnson,23,Non-binary,pat.johnson.402@example.com,New York,2026-04-29
403,Jessica Gonzalez,41,Female,jessica.gonzalez.403@example.com,Phoenix,2025-02-17
404,Chris Johnson,65,Non-binary,chris.johnson.404@example.com,San Diego,2025-10-15
405,James Miller,59,Male,james.miller.405@example.com,Phoenix,2024-11-24
406,Joseph Brown,57,Male,joseph.brown.406@example.com,Phoenix,2025-05-22
407,Sarah Wilson,45,Female,sarah.wilson.407@example.com,Houston,2025-06-10
408,Taylor Brown,24,Non-binary,taylor.brown.408@example.com,Houston,2024-10-09
409,Daniel Miller,28,Male,daniel.miller.409@example.com,San Jose,2024-06-29
410,Linda Martinez,64,Female,linda.martinez.410@example.com,Chicago,2025-05-02
411,Richard Smith,54,Male,richard.smith.411@example.com,San Diego,2024-07-13
412,Sandra Rodriguez,19,Female,sandra.rodriguez.412@example.com,Los Angeles,2024-10-06
413,Charles Johnson,18,Male,charles.johnson.413@example.com,San Diego,2024-07-08
414,Lisa Martinez,31,Female,lisa.martinez.414@example.com,San Jose,2026-05-31
415,Anthony Wilson,20,Male,anthony.wilson.415@example.com,Chicago,2023-12-04
416,Jamie Miller,63,Non-binary,jamie.miller.416@example.com,Houston,2024-01-08
417,Morgan Brown,25,Non-binary,morgan.brown.417@example.com,Los Angeles,2024-03-12
418,Charles Gonzalez,55,Male,charles.gonzalez.418@example.com,Phoenix,2025-01-19
419,Jordan Miller,58,Non-binary,jordan.miller.419@example.com,Chicago,2024-03-25
420,Robin Lopez,37,Non-binary,robin.lopez.420@example.com,Philadelphia,2024-08-30
421,Margaret Miller,45,Female,margaret.miller.421@example.com,Houston,2024-08-11
422,Morgan Wilson,28,Non-binary,morgan.wilson.422@example.com,San Jose,2024-11-23
423,Karen Davis,18,Female,karen.davis.423@example.com,Phoenix,2024-10-05
424,Sandra Martinez,49,Female,sandra.martinez.424@example.com,New York,2024-08-14
425,Morgan Jones,56,Non-binary,morgan.jones.425@example.com,Phoenix,2026-04-14
426,Alex Miller,34,Non-binary,alex.miller.426@example.com,San Diego,2023-12-22
427,Thomas Gonzalez,52,Male,thomas.gonzalez.427@example.com,Houston,2024-11-26
428,Sarah Johnson,31,Female,sarah.johnson.428@example.com,San Jose,2024-11-07
429,Mark Johnson,63,Male,mark.johnson.429@example.com,Los Angeles,2024-10-27
430,Jordan Anderson,23,Non-binary,jordan.anderson.430@example.com,Philadelphia,2024-06-18
431,Mary Anderson,70,Female,mary.anderson.431@example.com,San Jose,2026-01-27
432,Jordan Hernandez,53,Non-binary,jordan.hernandez.432@example.com,Dallas,2024-10-17
433,Pat Gonzalez,66,Non-binary,pat.gonzalez.433@example.com,San Jose,2025-04-14
434,Elizabeth Jones,42,Female,elizabeth.jones.434@example.com,Houston,2024-03-12
435,Elizabeth Wilson,70,Female,elizabeth.wilson.435@example.com,Philadelphia,2025-02-04
436,Barbara Garcia,66,Female,barbara.garcia.436@example.com,Los Angeles,2026-05-09
437,Nancy Rodriguez,64,Female,nancy.rodriguez.437@example.com,Philadelphia,2024-11-09
438,Elizabeth Johnson,19,Female,elizabeth.johnson.438@example.com,Houston,2025-12-08
439,Elizabeth Johnson,19,Female,elizabeth.johnson.439@example.com,Dallas,2026-04-21
440,Anthony Garcia,29,Male,anthony.garcia.440@example.com,Chicago,2023-11-19
441,Joseph Gonzalez,42,Male,joseph.gonzalez.441@example.com,Philadelphia,2025-02-21
442,Morgan Miller,62,Non-binary,morgan.miller.442@example.com,Dallas,2026-06-16
443,Matthew Davis,33,Male,matthew.davis.443@example.com,Houston,2026-02-04
444,Nancy Hernandez,43,Female,nancy.hernandez.444@example.com,San Antonio,2026-02-10
445,Jordan Wilson,30,Non-binary,jordan.wilson.445@example.com,New York,2026-01-28
446,Elizabeth Jones,65,Female,elizabeth.jones.446@example.com,San Jose,2024-05-27
447,Robin Rodriguez,54,Non-binary,robin.rodriguez.447@example.com,San Jose,2024-03-19
448,Barbara Garcia,57,Female,barbara.garcia.448@example.com,Dallas,2024-01-08
449,Robert Gonzalez,52,Male,robert.gonzalez.449@example.com,Houston,2024-03-11
450,Sandra Rodriguez,66,Female,sandra.rodriguez.450@example.com,San Antonio,2025-06-15
451,Morgan Hernandez,31,Non-binary,morgan.hernandez.451@example.com,San Diego,2025-03-02
452,Susan Gonzalez,38,Female,susan.gonzalez.452@example.com,San Jose,2025-04-06
453,Anthony Martinez,60,Male,anthony.martinez.453@example.com,Phoenix,2024-07-10
454,Morgan Lopez,41,Non-binary,morgan.lopez.454@example.com,Philadelphia,2024-08-16
455,Susan Davis,67,Female,susan.davis.455@example.com,Philadelphia,2025-09-16
456,Alex Gonzalez,68,Non-binary,alex.gonzalez.456@example.com,Los Angeles,2024-02-07
457,Margaret Garcia,29,Female,margaret.garcia.457@example.com,New York,2026-04-22
458,Joseph Davis,36,Male,joseph.davis.458@example.com,San Diego,2026-04-17
459,James Jones,40,Male,james.jones.459@example.com,San Jose,2025-07-30
460,Michael Miller,23,Male,michael.miller.460@example.com,San Jose,2024-08-30
461,Alex Williams,31,Non-binary,alex.williams.461@example.com,San Jose,2024-02-06
462,Jamie Smith,58,Non-binary,jamie.smith.462@example.com,San Diego,2025-07-03
463,Robert Martinez,26,Male,robert.martinez.463@example.com,San Jose,2026-03-27
464,Jennifer Gonzalez,63,Female,jennifer.gonzalez.464@example.com,New York,2025-05-28
465,Chris Rodriguez,44,Non-binary,chris.rodriguez.465@example.com,San Jose,2024-03-10
466,Pat Miller,29,Non-binary,pat.miller.466@example.com,Philadelphia,2026-03-11
467,Chris Johnson,45,Non-binary,chris.johnson.467@example.com,San Antonio,2024-08-01
468,William Johnson,44,Male,william.johnson.468@example.com,Los Angeles,2025-04-11
469,Mark Hernandez,52,Male,mark.hernandez.469@example.com,Dallas,2024-09-02
470,Jamie Brown,55,Non-binary,jamie.brown.470@example.com,San Jose,2026-04-16
471,Barbara Martinez,23,Female,barbara.martinez.471@example.com,San Antonio,2024-04-19
472,James Martinez,40,Male,james.martinez.472@example.com,Los Angeles,2023-12-03
473,Casey Hernandez,25,Non-binary,casey.hernandez.473@example.com,San Diego,2026-02-11
474,Joseph Davis,65,Male,joseph.davis.474@example.com,Dallas,2024-04-02
475,Robin Gonzalez,66,Non-binary,robin.gonzalez.475@example.com,Philadelphia,2026-01-05
476,Casey Williams,43,Non-binary,casey.williams.476@example.com,Chicago,2025-09-04
477,Margaret Johnson,43,Female,margaret.johnson.477@example.com,San Jose,2024-08-05
478,Pat Anderson,44,Non-binary,pat.anderson.478@example.com,Chicago,2025-08-20
479,Mary Anderson,26,Female,mary.anderson.479@example.com,Philadelphia,2026-04-11
480,Chris Davis,51,Non-binary,chris.davis.480@example.com,New York,2024-05-14
481,David Lopez,26,Male,david.lopez.481@example.com,San Jose,2025-07-02
482,Morgan Garcia,18,Non-binary,morgan.garcia.482@example.com,Houston,2023-12-29
483,Casey Anderson,68,Non-binary,casey.anderson.483@example.com,San Antonio,2023-10-23
484,Casey Smith,30,Non-binary,casey.smith.484@example.com,San Jose,2025-07-30
485,Patricia Hernandez,47,Female,patricia.hernandez.485@example.com,San Antonio,2023-12-04
486,Charles Rodriguez,64,Male,charles.rodriguez.486@example.com,Philadelphia,2025-02-19
487,Jamie Wilson,38,Non-binary,jamie.wilson.487@example.com,Houston,2025-03-17
488,Barbara Johnson,54,Female,barbara.johnson.488@example.com,Phoenix,2024-07-03
489,Matthew Garcia,59,Male,matthew.garcia.489@example.com,Dallas,2025-05-12
490,Lisa Anderson,33,Female,lisa.anderson.490@example.com,Philadelphia,2025-05-22
491,Elizabeth Johnson,49,Female,elizabeth.johnson.491@example.com,San Antonio,2024-01-14
492,William Gonzalez,51,Male,william.gonzalez.492@example.com,San Jose,2024-04-20
493,Lisa Smith,32,Female,lisa.smith.493@example.com,Phoenix,2025-01-13
494,Donald Johnson,30,Male,donald.johnson.494@example.com,New York,2025-04-19
495,Jessica Hernandez,58,Female,jessica.hernandez.495@example.com,Philadelphia,2024-04-24
496,Daniel Martinez,47,Male,daniel.martinez.496@example.com,New York,2025-06-21
497,Mark Davis,66,Male,mark.davis.497@example.com,Chicago,2025-10-19
498,Jennifer Brown,32,Female,jennifer.brown.498@example.com,San Antonio,2024-12-20
499,Jamie Lopez,34,Non-binary,jamie.lopez.499@example.com,San Diego,2024-04-18
500,Richard Garcia,19,Male,richard.garcia.500@example.com,Chicago,2023-12-22
